aics_Processing,centerDeltaT,PhysicalSizeY,PhysicalSizeX,aics_xTile,aics_PhysicalSizeY,aics_PhysicalSizeX,aics_Model,aics_PhysicalSizeXUnit,centerExposureTime,aics_yTile,aics_SampleName,centerPositionY,centerPositionX,centerPositionZ,Type,aics_experiment,Name,centerTheC,DimensionOrder,centerPositionZUnit,aics_SampleType,aics_PixelType,aics_cameraID,ID,aics_Type,centerTheT,PhysicalSizeXUnit,centerPositionXUnit,PhysicalSizeYUnit,aics_Manufacturer,AcquisitionDate,BigEndian,aics_filePath,aics_SizeX,aics_SizeY,aics_imageObjectPosY,aics_imageObjectPosX,aics_imageObjectPosZ,centerExposureTimeUnit,aics_barcode,aics_well,aics_PhysicalSizeYUnit,SizeX,SizeY,SizeZ,Interleaved,aics_imageAbsPosY,aics_imageAbsPosX,aics_imageAbsPosZ,SignificantBits
,,,,,,,,,,,,,,,,,,,,,,,,,,,,,,,,,,,,,,,,,,,,,,,,,,
,,,,,6.5,6.5,,mum,,,BackgroundTransmitted_10x,,,,,BackgroundTransmitted_10x.czexp,,,,,background,np.int32,sCMOS_mCherry,,sCMOS,,,,,Hamamatsu,,,D:\Winfried\Production\Daily\2017_1_17\References/BackgroundTransmitted_10x_x-500.0_y-500.0_z10.czi,1024,1024,,,,,3500000093,C6,mum,,,,,17500.0,44500.0,49.96,
,,,,,6.5,6.5,,mum,,,BackgroundTransmitted_10x,,,,,BackgroundTransmitted_10x.czexp,,,,,background,np.int32,sCMOS_mCherry,,sCMOS,,,,,Hamamatsu,,,D:\Winfried\Production\Daily\2017_1_17\References/BackgroundTransmitted_10x_x-500.0_y500.0_z10.czi,1024,1024,,,,,3500000093,C6,mum,,,,,18500.0,44500.0,49.96,
,,,,,6.5,6.5,,mum,,,BackgroundTransmitted_10x,,,,,BackgroundTransmitted_10x.czexp,,,,,background,np.int32,sCMOS_mCherry,,sCMOS,,,,,Hamamatsu,,,D:\Winfried\Production\Daily\2017_1_17\References/BackgroundTransmitted_10x_x500.0_y-500.0_z10.czi,1024,1024,,,,,3500000093,C6,mum,,,,,17500.0,45500.0,49.96,
,,,,,6.5,6.5,,mum,,,BackgroundTransmitted_10x,,,,,BackgroundTransmitted_10x.czexp,,,,,background,np.int32,sCMOS_mCherry,,sCMOS,,,,,Hamamatsu,,,D:\Winfried\Production\Daily\2017_1_17\References/BackgroundTransmitted_10x_x500.0_y500.0_z10.czi,1024,1024,,,,,3500000093,C6,mum,,,,,18500.0,45500.0,49.96,
,,,,,,,,,,,,,,,,,,,,,,,,,,,,,,,,,,,,,,,,,,,,,,,,,,
,,,,-1,6.5,6.5,,mum,,0,,,,,,ImageFindWellCenter_10x.czexp,,,,,,np.int32,sCMOS_mCherry,,sCMOS,,,,,Hamamatsu,,,D:\Winfried\Production\Daily\2017_1_17\References/WellEdge_B3_-1_0.czi,1024,1024,,,,,3500000093,B3,mum,,,,,11321.382,15572.767,8677.81,
,,,,1,6.5,6.5,,mum,,0,,,,,,ImageFindWellCenter_10x.czexp,,,,,,np.int32,sCMOS_mCherry,,sCMOS,,,,,Hamamatsu,,,D:\Winfried\Production\Daily\2017_1_17\References/WellEdge_B3_1_0.czi,1024,1024,,,,,3500000093,B3,mum,,,,,11321.382,21706.767,8677.81,
,,,,0,6.5,6.5,,mum,,1,,,,,,ImageFindWellCenter_10x.czexp,,,,,,np.int32,sCMOS_mCherry,,sCMOS,,,,,Hamamatsu,,,D:\Winfried\Production\Daily\2017_1_17\References/WellEdge_B3_0_1.czi,1024,1024,,,,,3500000093,B3,mum,,,,,8254.382,18639.767,8677.81,
,,,,0,6.5,6.5,,mum,,-1,,,,,,ImageFindWellCenter_10x.czexp,,,,,,np.int32,sCMOS_mCherry,,sCMOS,,,,,Hamamatsu,,,D:\Winfried\Production\Daily\2017_1_17\References/WellEdge_B3_0_-1.czi,1024,1024,,,,,3500000093,B3,mum,,,,,14388.382,18639.767,8677.81,
,,,,-1,6.5,6.5,,mum,,0,,,,,,ImageFindWellCenter_10x.czexp,,,,,,np.int32,sCMOS_mCherry,,sCMOS,,,,,Hamamatsu,,,D:\Winfried\Production\Daily\2017_1_17\References/WellEdge_B10_-1_0.czi,1024,1024,,,,,3500000093,B10,mum,,,,,11281.655,87477.101,8669.87,
,,,,1,6.5,6.5,,mum,,0,,,,,,ImageFindWellCenter_10x.czexp,,,,,,np.int32,sCMOS_mCherry,,sCMOS,,,,,Hamamatsu,,,D:\Winfried\Production\Daily\2017_1_17\References/WellEdge_B10_1_0.czi,1024,1024,,,,,3500000093,B10,mum,,,,,11281.655,93611.101,8669.87,
,,,,0,6.5,6.5,,mum,,1,,,,,,ImageFindWellCenter_10x.czexp,,,,,,np.int32,sCMOS_mCherry,,sCMOS,,,,,Hamamatsu,,,D:\Winfried\Production\Daily\2017_1_17\References/WellEdge_B10_0_1.czi,1024,1024,,,,,3500000093,B10,mum,,,,,8214.655,90544.101,8669.87,
,,,,0,6.5,6.5,,mum,,-1,,,,,,ImageFindWellCenter_10x.czexp,,,,,,np.int32,sCMOS_mCherry,,sCMOS,,,,,Hamamatsu,,,D:\Winfried\Production\Daily\2017_1_17\References/WellEdge_B10_0_-1.czi,1024,1024,,,,,3500000093,B10,mum,,,,,14348.655,90544.101,8669.87,
,,,,-1,6.5,6.5,,mum,,0,,,,,,ImageFindWellCenter_10x.czexp,,,,,,np.int32,sCMOS_mCherry,,sCMOS,,,,,Hamamatsu,,,D:\Winfried\Production\Daily\2017_1_17\References/WellEdge_G10_-1_0.czi,1024,1024,,,,,3500000093,G10,mum,,,,,56257.0,87491.892,8376.65,
,,,,1,6.5,6.5,,mum,,0,,,,,,ImageFindWellCenter_10x.czexp,,,,,,np.int32,sCMOS_mCherry,,sCMOS,,,,,Hamamatsu,,,D:\Winfried\Production\Daily\2017_1_17\References/WellEdge_G10_1_0.czi,1024,1024,,,,,3500000093,G10,mum,,,,,56257.0,93625.892,8376.65,
,,,,0,6.5,6.5,,mum,,1,,,,,,ImageFindWellCenter_10x.czexp,,,,,,np.int32,sCMOS_mCherry,,sCMOS,,,,,Hamamatsu,,,D:\Winfried\Production\Daily\2017_1_17\References/WellEdge_G10_0_1.czi,1024,1024,,,,,3500000093,G10,mum,,,,,53190.0,90558.892,8376.65,
,,,,0,6.5,6.5,,mum,,-1,,,,,,ImageFindWellCenter_10x.czexp,,,,,,np.int32,sCMOS_mCherry,,sCMOS,,,,,Hamamatsu,,,D:\Winfried\Production\Daily\2017_1_17\References/WellEdge_G10_0_-1.czi,1024,1024,,,,,3500000093,G10,mum,,,,,59324.0,90558.892,8376.65,
,,,,,6.5,6.5,,mum,,,BackgroundTransmitted_10x,,,,,BackgroundTransmitted_10x.czexp,,,,,background,np.int32,sCMOS_mCherry,,sCMOS,,,,,Hamamatsu,,,D:\Winfried\Production\Daily\2017_1_17\References/BackgroundTransmitted_10x_x-500.0_y-500.0_z10.czi,1024,1024,,,,,3500000093,C6,mum,,,,,19779.345,51517.494,8640.478,
,,,,,6.5,6.5,,mum,,,BackgroundTransmitted_10x,,,,,BackgroundTransmitted_10x.czexp,,,,,background,np.int32,sCMOS_mCherry,,sCMOS,,,,,Hamamatsu,,,D:\Winfried\Production\Daily\2017_1_17\References/BackgroundTransmitted_10x_x-500.0_y500.0_z10.czi,1024,1024,,,,,3500000093,C6,mum,,,,,20779.345,51517.494,8640.478,
,,,,,6.5,6.5,,mum,,,BackgroundTransmitted_10x,,,,,BackgroundTransmitted_10x.czexp,,,,,background,np.int32,sCMOS_mCherry,,sCMOS,,,,,Hamamatsu,,,D:\Winfried\Production\Daily\2017_1_17\References/BackgroundTransmitted_10x_x500.0_y-500.0_z10.czi,1024,1024,,,,,3500000093,C6,mum,,,,,19779.345,52517.494,8640.478,
,,,,,6.5,6.5,,mum,,,BackgroundTransmitted_10x,,,,,BackgroundTransmitted_10x.czexp,,,,,background,np.int32,sCMOS_mCherry,,sCMOS,,,,,Hamamatsu,,,D:\Winfried\Production\Daily\2017_1_17\References/BackgroundTransmitted_10x_x500.0_y500.0_z10.czi,1024,1024,,,,,3500000093,C6,mum,,,,,20779.345,52517.494,8640.478,
,,,,,6.5,6.5,,mum,,,BackgroundGreen_10x,,,,,BackgroundGreen_10x.czexp,,,,,background,np.int32,sCMOS_mCherry,,sCMOS,,,,,Hamamatsu,,,D:\Winfried\Production\Daily\2017_1_17\References/BackgroundGreen_10x_x-500.0_y-500.0_z10.czi,1024,1024,,,,,3500000093,D6,mum,,,,,28766.722,51517.494,8581.833,
,,,,,6.5,6.5,,mum,,,BackgroundGreen_10x,,,,,BackgroundGreen_10x.czexp,,,,,background,np.int32,sCMOS_mCherry,,sCMOS,,,,,Hamamatsu,,,D:\Winfried\Production\Daily\2017_1_17\References/BackgroundGreen_10x_x-500.0_y500.0_z10.czi,1024,1024,,,,,3500000093,D6,mum,,,,,29766.722,51517.494,8581.833,
,,,,,6.5,6.5,,mum,,,BackgroundGreen_10x,,,,,BackgroundGreen_10x.czexp,,,,,background,np.int32,sCMOS_mCherry,,sCMOS,,,,,Hamamatsu,,,D:\Winfried\Production\Daily\2017_1_17\References/BackgroundGreen_10x_x500.0_y-500.0_z10.czi,1024,1024,,,,,3500000093,D6,mum,,,,,28766.722,52517.494,8581.833,
,,,,,6.5,6.5,,mum,,,BackgroundGreen_10x,,,,,BackgroundGreen_10x.czexp,,,,,background,np.int32,sCMOS_mCherry,,sCMOS,,,,,Hamamatsu,,,D:\Winfried\Production\Daily\2017_1_17\References/BackgroundGreen_10x_x500.0_y500.0_z10.czi,1024,1024,,,,,3500000093,D6,mum,,,,,29766.722,52517.494,8581.833,
,,,,,6.5,6.5,,mum,,,D10_0002,,,,,ScanColonies.czexp,,,,,colony,np.int32,sCMOS_mCherry,,sCMOS,,,,,Hamamatsu,,,D:\Winfried\Production\Daily\2017_1_17\Colonies\D10_0002_x-597.18_y-597.18_z0.czi,1024,1024,,,,,3500000093,D10,mum,,,,,26591.077,91823.816,8580.7,
,,,,,6.5,6.5,,mum,,,D10_0002,,,,,ScanColonies.czexp,,,,,colony,np.int32,sCMOS_mCherry,,sCMOS,,,,,Hamamatsu,,,D:\Winfried\Production\Daily\2017_1_17\Colonies\D10_0002_x-597.18_y0.0_z0.czi,1024,1024,,,,,3500000093,D10,mum,,,,,27188.257,91823.816,8580.7,
,,,,,6.5,6.5,,mum,,,D10_0002,,,,,ScanColonies.czexp,,,,,colony,np.int32,sCMOS_mCherry,,sCMOS,,,,,Hamamatsu,,,D:\Winfried\Production\Daily\2017_1_17\Colonies\D10_0002_x-597.18_y597.18_z0.czi,1024,1024,,,,,3500000093,D10,mum,,,,,27785.437,91823.816,8580.7,
,,,,,6.5,6.5,,mum,,,D10_0002,,,,,ScanColonies.czexp,,,,,colony,np.int32,sCMOS_mCherry,,sCMOS,,,,,Hamamatsu,,,D:\Winfried\Production\Daily\2017_1_17\Colonies\D10_0002_x0.0_y-597.18_z0.czi,1024,1024,,,,,3500000093,D10,mum,,,,,26591.077,92420.996,8580.7,
,,,,,6.5,6.5,,mum,,,D10_0002,,,,,ScanColonies.czexp,,,,,colony,np.int32,sCMOS_mCherry,,sCMOS,,,,,Hamamatsu,,,D:\Winfried\Production\Daily\2017_1_17\Colonies\D10_0002_x0.0_y0.0_z0.czi,1024,1024,,,,,3500000093,D10,mum,,,,,27188.257,92420.996,8580.7,
,,,,,6.5,6.5,,mum,,,D10_0002,,,,,ScanColonies.czexp,,,,,colony,np.int32,sCMOS_mCherry,,sCMOS,,,,,Hamamatsu,,,D:\Winfried\Production\Daily\2017_1_17\Colonies\D10_0002_x0.0_y597.18_z0.czi,1024,1024,,,,,3500000093,D10,mum,,,,,27785.437,92420.996,8580.7,
,,,,,6.5,6.5,,mum,,,D10_0002,,,,,ScanColonies.czexp,,,,,colony,np.int32,sCMOS_mCherry,,sCMOS,,,,,Hamamatsu,,,D:\Winfried\Production\Daily\2017_1_17\Colonies\D10_0002_x597.18_y-597.18_z0.czi,1024,1024,,,,,3500000093,D10,mum,,,,,26591.077,93018.176,8580.7,
,,,,,6.5,6.5,,mum,,,D10_0002,,,,,ScanColonies.czexp,,,,,colony,np.int32,sCMOS_mCherry,,sCMOS,,,,,Hamamatsu,,,D:\Winfried\Production\Daily\2017_1_17\Colonies\D10_0002_x597.18_y0.0_z0.czi,1024,1024,,,,,3500000093,D10,mum,,,,,27188.257,93018.176,8580.7,
,,,,,6.5,6.5,,mum,,,D10_0002,,,,,ScanColonies.czexp,,,,,colony,np.int32,sCMOS_mCherry,,sCMOS,,,,,Hamamatsu,,,D:\Winfried\Production\Daily\2017_1_17\Colonies\D10_0002_x597.18_y597.18_z0.czi,1024,1024,,,,,3500000093,D10,mum,,,,,27785.437,93018.176,8580.7,
,,,,,6.5,6.5,,mum,,,D10_0006,,,,,ScanColonies.czexp,,,,,colony,np.int32,sCMOS_mCherry,,sCMOS,,,,,Hamamatsu,,,D:\Winfried\Production\Daily\2017_1_17\Colonies\D10_0006_x-597.18_y-597.18_z0.czi,1024,1024,,,,,3500000093,D10,mum,,,,,29264.328,90578.03,8563.401,
,,,,,6.5,6.5,,mum,,,D10_0006,,,,,ScanColonies.czexp,,,,,colony,np.int32,sCMOS_mCherry,,sCMOS,,,,,Hamamatsu,,,D:\Winfried\Production\Daily\2017_1_17\Colonies\D10_0006_x-597.18_y0.0_z0.czi,1024,1024,,,,,3500000093,D10,mum,,,,,29861.508,90578.03,8563.401,
,,,,,6.5,6.5,,mum,,,D10_0006,,,,,ScanColonies.czexp,,,,,colony,np.int32,sCMOS_mCherry,,sCMOS,,,,,Hamamatsu,,,D:\Winfried\Production\Daily\2017_1_17\Colonies\D10_0006_x-597.18_y597.18_z0.czi,1024,1024,,,,,3500000093,D10,mum,,,,,30458.688,90578.03,8563.401,
,,,,,6.5,6.5,,mum,,,D10_0006,,,,,ScanColonies.czexp,,,,,colony,np.int32,sCMOS_mCherry,,sCMOS,,,,,Hamamatsu,,,D:\Winfried\Production\Daily\2017_1_17\Colonies\D10_0006_x0.0_y-597.18_z0.czi,1024,1024,,,,,3500000093,D10,mum,,,,,29264.328,91175.21,8563.401,
,,,,,6.5,6.5,,mum,,,D10_0006,,,,,ScanColonies.czexp,,,,,colony,np.int32,sCMOS_mCherry,,sCMOS,,,,,Hamamatsu,,,D:\Winfried\Production\Daily\2017_1_17\Colonies\D10_0006_x0.0_y0.0_z0.czi,1024,1024,,,,,3500000093,D10,mum,,,,,29861.508,91175.21,8563.401,
,,,,,6.5,6.5,,mum,,,D10_0006,,,,,ScanColonies.czexp,,,,,colony,np.int32,sCMOS_mCherry,,sCMOS,,,,,Hamamatsu,,,D:\Winfried\Production\Daily\2017_1_17\Colonies\D10_0006_x0.0_y597.18_z0.czi,1024,1024,,,,,3500000093,D10,mum,,,,,30458.688,91175.21,8563.401,
,,,,,6.5,6.5,,mum,,,D10_0006,,,,,ScanColonies.czexp,,,,,colony,np.int32,sCMOS_mCherry,,sCMOS,,,,,Hamamatsu,,,D:\Winfried\Production\Daily\2017_1_17\Colonies\D10_0006_x597.18_y-597.18_z0.czi,1024,1024,,,,,3500000093,D10,mum,,,,,29264.328,91772.39,8563.401,
,,,,,6.5,6.5,,mum,,,D10_0006,,,,,ScanColonies.czexp,,,,,colony,np.int32,sCMOS_mCherry,,sCMOS,,,,,Hamamatsu,,,D:\Winfried\Production\Daily\2017_1_17\Colonies\D10_0006_x597.18_y0.0_z0.czi,1024,1024,,,,,3500000093,D10,mum,,,,,29861.508,91772.39,8563.401,
,,,,,6.5,6.5,,mum,,,D10_0006,,,,,ScanColonies.czexp,,,,,colony,np.int32,sCMOS_mCherry,,sCMOS,,,,,Hamamatsu,,,D:\Winfried\Production\Daily\2017_1_17\Colonies\D10_0006_x597.18_y597.18_z0.czi,1024,1024,,,,,3500000093,D10,mum,,,,,30458.688,91772.39,8563.401,
,,,,,,,,,,,,,,,,,,,,,,,,,,,,,,,,,,,,,,,,,,,,,,,,,,
,,,,,,,,,,,,,,,,,,,,,,,,,,,,,,,,,,,,,,,,,,,,,,,,,,
,,,,-1,6.5,6.5,,mum,,0,,,,,,ImageFindWellCenter_10x.czexp,,,,,,np.int32,sCMOS_mCherry,,sCMOS,,,,,Hamamatsu,,,D:\Winfried\Production\Daily\2017_1_17\References/WellEdge_B3_-1_0.czi,1024,1024,,,,,3500000093,B3,mum,,,,,11312.425,15577.48,8689.44,
,,,,1,6.5,6.5,,mum,,0,,,,,,ImageFindWellCenter_10x.czexp,,,,,,np.int32,sCMOS_mCherry,,sCMOS,,,,,Hamamatsu,,,D:\Winfried\Production\Daily\2017_1_17\References/WellEdge_B3_1_0.czi,1024,1024,,,,,3500000093,B3,mum,,,,,11312.425,21711.48,8689.44,
,,,,0,6.5,6.5,,mum,,1,,,,,,ImageFindWellCenter_10x.czexp,,,,,,np.int32,sCMOS_mCherry,,sCMOS,,,,,Hamamatsu,,,D:\Winfried\Production\Daily\2017_1_17\References/WellEdge_B3_0_1.czi,1024,1024,,,,,3500000093,B3,mum,,,,,8245.425,18644.48,8689.44,
,,,,0,6.5,6.5,,mum,,-1,,,,,,ImageFindWellCenter_10x.czexp,,,,,,np.int32,sCMOS_mCherry,,sCMOS,,,,,Hamamatsu,,,D:\Winfried\Production\Daily\2017_1_17\References/WellEdge_B3_0_-1.czi,1024,1024,,,,,3500000093,B3,mum,,,,,14379.425,18644.48,8689.44,
,,,,-1,6.5,6.5,,mum,,0,,,,,,ImageFindWellCenter_10x.czexp,,,,,,np.int32,sCMOS_mCherry,,sCMOS,,,,,Hamamatsu,,,D:\Winfried\Production\Daily\2017_1_17\References/WellEdge_B10_-1_0.czi,1024,1024,,,,,3500000093,B10,mum,,,,,11272.789,87503.158,8702.89,
,,,,1,6.5,6.5,,mum,,0,,,,,,ImageFindWellCenter_10x.czexp,,,,,,np.int32,sCMOS_mCherry,,sCMOS,,,,,Hamamatsu,,,D:\Winfried\Production\Daily\2017_1_17\References/WellEdge_B10_1_0.czi,1024,1024,,,,,3500000093,B10,mum,,,,,11272.789,93637.158,8702.89,
,,,,0,6.5,6.5,,mum,,1,,,,,,ImageFindWellCenter_10x.czexp,,,,,,np.int32,sCMOS_mCherry,,sCMOS,,,,,Hamamatsu,,,D:\Winfried\Production\Daily\2017_1_17\References/WellEdge_B10_0_1.czi,1024,1024,,,,,3500000093,B10,mum,,,,,8205.789,90570.158,8702.89,
,,,,0,6.5,6.5,,mum,,-1,,,,,,ImageFindWellCenter_10x.czexp,,,,,,np.int32,sCMOS_mCherry,,sCMOS,,,,,Hamamatsu,,,D:\Winfried\Production\Daily\2017_1_17\References/WellEdge_B10_0_-1.czi,1024,1024,,,,,3500000093,B10,mum,,,,,14339.789,90570.158,8702.89,
,,,,,,,,,,,,,,,,,,,,,,,,,,,,,,,,,,,,,,,,,,,,,,,,,,
,,,,,,,,,,,,,,,,,,,,,,,,,,,,,,,,,,,,,,,,,,,,,,,,,,
,,,,-1,6.5,6.5,,mum,,0,,,,,,ImageFindWellCenter_10x.czexp,,,,,,np.int32,sCMOS_mCherry,,sCMOS,,,,,Hamamatsu,,,D:\Winfried\Production\Daily\2017_1_17\References/WellEdge_B3_-1_0.czi,1024,1024,,,,,3500000425,B3,mum,,,,,11299.679,15569.351,8590.58,
,,,,1,6.5,6.5,,mum,,0,,,,,,ImageFindWellCenter_10x.czexp,,,,,,np.int32,sCMOS_mCherry,,sCMOS,,,,,Hamamatsu,,,D:\Winfried\Production\Daily\2017_1_17\References/WellEdge_B3_1_0.czi,1024,1024,,,,,3500000425,B3,mum,,,,,11299.679,21703.351,8590.58,
,,,,0,6.5,6.5,,mum,,1,,,,,,ImageFindWellCenter_10x.czexp,,,,,,np.int32,sCMOS_mCherry,,sCMOS,,,,,Hamamatsu,,,D:\Winfried\Production\Daily\2017_1_17\References/WellEdge_B3_0_1.czi,1024,1024,,,,,3500000425,B3,mum,,,,,8232.679,18636.351,8590.58,
,,,,0,6.5,6.5,,mum,,-1,,,,,,ImageFindWellCenter_10x.czexp,,,,,,np.int32,sCMOS_mCherry,,sCMOS,,,,,Hamamatsu,,,D:\Winfried\Production\Daily\2017_1_17\References/WellEdge_B3_0_-1.czi,1024,1024,,,,,3500000425,B3,mum,,,,,14366.679,18636.351,8590.58,
,,,,-1,6.5,6.5,,mum,,0,,,,,,ImageFindWellCenter_10x.czexp,,,,,,np.int32,sCMOS_mCherry,,sCMOS,,,,,Hamamatsu,,,D:\Winfried\Production\Daily\2017_1_17\References/WellEdge_B11_-1_0.czi,1024,1024,,,,,3500000425,B11,mum,,,,,11251.041,87555.618,8563.18,
,,,,1,6.5,6.5,,mum,,0,,,,,,ImageFindWellCenter_10x.czexp,,,,,,np.int32,sCMOS_mCherry,,sCMOS,,,,,Hamamatsu,,,D:\Winfried\Production\Daily\2017_1_17\References/WellEdge_B11_1_0.czi,1024,1024,,,,,3500000425,B11,mum,,,,,11251.041,93689.618,8563.18,
,,,,0,6.5,6.5,,mum,,1,,,,,,ImageFindWellCenter_10x.czexp,,,,,,np.int32,sCMOS_mCherry,,sCMOS,,,,,Hamamatsu,,,D:\Winfried\Production\Daily\2017_1_17\References/WellEdge_B11_0_1.czi,1024,1024,,,,,3500000425,B11,mum,,,,,8184.041,90622.618,8563.18,
,,,,0,6.5,6.5,,mum,,-1,,,,,,ImageFindWellCenter_10x.czexp,,,,,,np.int32,sCMOS_mCherry,,sCMOS,,,,,Hamamatsu,,,D:\Winfried\Production\Daily\2017_1_17\References/WellEdge_B11_0_-1.czi,1024,1024,,,,,3500000425,B11,mum,,,,,14318.041,90622.618,8563.18,
,,,,-1,6.5,6.5,,mum,,0,,,,,,ImageFindWellCenter_10x.czexp,,,,,,np.int32,sCMOS_mCherry,,sCMOS,,,,,Hamamatsu,,,D:\Winfried\Production\Daily\2017_1_17\References/WellEdge_G11_-1_0.czi,1024,1024,,,,,3500000425,G11,mum,,,,,56257.0,87552.0,8294.6,
,,,,1,6.5,6.5,,mum,,0,,,,,,ImageFindWellCenter_10x.czexp,,,,,,np.int32,sCMOS_mCherry,,sCMOS,,,,,Hamamatsu,,,D:\Winfried\Production\Daily\2017_1_17\References/WellEdge_G11_1_0.czi,1024,1024,,,,,3500000425,G11,mum,,,,,56257.0,93686.0,8294.59,
,,,,0,6.5,6.5,,mum,,1,,,,,,ImageFindWellCenter_10x.czexp,,,,,,np.int32,sCMOS_mCherry,,sCMOS,,,,,Hamamatsu,,,D:\Winfried\Production\Daily\2017_1_17\References/WellEdge_G11_0_1.czi,1024,1024,,,,,3500000425,G11,mum,,,,,53190.0,90619.0,8294.59,
,,,,0,6.5,6.5,,mum,,-1,,,,,,ImageFindWellCenter_10x.czexp,,,,,,np.int32,sCMOS_mCherry,,sCMOS,,,,,Hamamatsu,,,D:\Winfried\Production\Daily\2017_1_17\References/WellEdge_G11_0_-1.czi,1024,1024,,,,,3500000425,G11,mum,,,,,59324.0,90619.0,8294.59,
,,,,,6.5,6.5,,mum,,,D7_0010,,,,,ScanColonies.czexp,,,,,colony,np.int32,sCMOS_mCherry,,sCMOS,,,,,Hamamatsu,,,D:\Winfried\Production\Daily\2017_1_17\Colonies\D7_0010_x-597.18_y-597.18_z0.czi,1024,1024,,,,,3500000425,D7,mum,,,,,27153.189,55925.291,8491.333,
,,,,,6.5,6.5,,mum,,,D7_0010,,,,,ScanColonies.czexp,,,,,colony,np.int32,sCMOS_mCherry,,sCMOS,,,,,Hamamatsu,,,D:\Winfried\Production\Daily\2017_1_17\Colonies\D7_0010_x-597.18_y0.0_z0.czi,1024,1024,,,,,3500000425,D7,mum,,,,,27750.369,55925.291,8491.333,
,,,,,6.5,6.5,,mum,,,D7_0010,,,,,ScanColonies.czexp,,,,,colony,np.int32,sCMOS_mCherry,,sCMOS,,,,,Hamamatsu,,,D:\Winfried\Production\Daily\2017_1_17\Colonies\D7_0010_x-597.18_y597.18_z0.czi,1024,1024,,,,,3500000425,D7,mum,,,,,28347.549,55925.291,8491.333,
,,,,,6.5,6.5,,mum,,,D7_0010,,,,,ScanColonies.czexp,,,,,colony,np.int32,sCMOS_mCherry,,sCMOS,,,,,Hamamatsu,,,D:\Winfried\Production\Daily\2017_1_17\Colonies\D7_0010_x0.0_y-597.18_z0.czi,1024,1024,,,,,3500000425,D7,mum,,,,,27153.189,56522.471,8491.333,
,,,,,6.5,6.5,,mum,,,D7_0010,,,,,ScanColonies.czexp,,,,,colony,np.int32,sCMOS_mCherry,,sCMOS,,,,,Hamamatsu,,,D:\Winfried\Production\Daily\2017_1_17\Colonies\D7_0010_x0.0_y0.0_z0.czi,1024,1024,,,,,3500000425,D7,mum,,,,,27750.369,56522.471,8491.333,
,,,,,6.5,6.5,,mum,,,D7_0010,,,,,ScanColonies.czexp,,,,,colony,np.int32,sCMOS_mCherry,,sCMOS,,,,,Hamamatsu,,,D:\Winfried\Production\Daily\2017_1_17\Colonies\D7_0010_x0.0_y597.18_z0.czi,1024,1024,,,,,3500000425,D7,mum,,,,,28347.549,56522.471,8491.333,
,,,,,6.5,6.5,,mum,,,D7_0010,,,,,ScanColonies.czexp,,,,,colony,np.int32,sCMOS_mCherry,,sCMOS,,,,,Hamamatsu,,,D:\Winfried\Production\Daily\2017_1_17\Colonies\D7_0010_x597.18_y-597.18_z0.czi,1024,1024,,,,,3500000425,D7,mum,,,,,27153.189,57119.651,8491.333,
,,,,,6.5,6.5,,mum,,,D7_0010,,,,,ScanColonies.czexp,,,,,colony,np.int32,sCMOS_mCherry,,sCMOS,,,,,Hamamatsu,,,D:\Winfried\Production\Daily\2017_1_17\Colonies\D7_0010_x597.18_y0.0_z0.czi,1024,1024,,,,,3500000425,D7,mum,,,,,27750.369,57119.651,8491.333,
,,,,,6.5,6.5,,mum,,,D7_0010,,,,,ScanColonies.czexp,,,,,colony,np.int32,sCMOS_mCherry,,sCMOS,,,,,Hamamatsu,,,D:\Winfried\Production\Daily\2017_1_17\Colonies\D7_0010_x597.18_y597.18_z0.czi,1024,1024,,,,,3500000425,D7,mum,,,,,28347.549,57119.651,8491.333,
,,,,,,,,,,,,,,,,,,,,,,,,,,,,,,,,,,,,,,,,,,,,,,,,,,
,,,,-1,6.5,6.5,,mum,,0,,,,,,ImageFindWellCenter_10x.czexp,,,,,,np.int32,sCMOS_mCherry,,sCMOS,,,,,Hamamatsu,,,D:\Winfried\Production\Daily\2017_1_17\References/WellEdge_B3_-1_0.czi,1024,1024,,,,,3500000425,B3,mum,,,,,11342.491,15568.998,8567.48,
,,,,1,6.5,6.5,,mum,,0,,,,,,ImageFindWellCenter_10x.czexp,,,,,,np.int32,sCMOS_mCherry,,sCMOS,,,,,Hamamatsu,,,D:\Winfried\Production\Daily\2017_1_17\References/WellEdge_B3_1_0.czi,1024,1024,,,,,3500000425,B3,mum,,,,,11342.491,21702.998,8567.48,
,,,,0,6.5,6.5,,mum,,1,,,,,,ImageFindWellCenter_10x.czexp,,,,,,np.int32,sCMOS_mCherry,,sCMOS,,,,,Hamamatsu,,,D:\Winfried\Production\Daily\2017_1_17\References/WellEdge_B3_0_1.czi,1024,1024,,,,,3500000425,B3,mum,,,,,8275.491,18635.998,8567.48,
,,,,0,6.5,6.5,,mum,,-1,,,,,,ImageFindWellCenter_10x.czexp,,,,,,np.int32,sCMOS_mCherry,,sCMOS,,,,,Hamamatsu,,,D:\Winfried\Production\Daily\2017_1_17\References/WellEdge_B3_0_-1.czi,1024,1024,,,,,3500000425,B3,mum,,,,,14409.491,18635.998,8567.48,
,,,,-1,6.5,6.5,,mum,,0,,,,,,ImageFindWellCenter_10x.czexp,,,,,,np.int32,sCMOS_mCherry,,sCMOS,,,,,Hamamatsu,,,D:\Winfried\Production\Daily\2017_1_17\References/WellEdge_B11_-1_0.czi,1024,1024,,,,,3500000425,B11,mum,,,,,11251.493,87555.408,8546.17,
,,,,1,6.5,6.5,,mum,,0,,,,,,ImageFindWellCenter_10x.czexp,,,,,,np.int32,sCMOS_mCherry,,sCMOS,,,,,Hamamatsu,,,D:\Winfried\Production\Daily\2017_1_17\References/WellEdge_B11_1_0.czi,1024,1024,,,,,3500000425,B11,mum,,,,,11251.493,93689.408,8546.17,
,,,,0,6.5,6.5,,mum,,1,,,,,,ImageFindWellCenter_10x.czexp,,,,,,np.int32,sCMOS_mCherry,,sCMOS,,,,,Hamamatsu,,,D:\Winfried\Production\Daily\2017_1_17\References/WellEdge_B11_0_1.czi,1024,1024,,,,,3500000425,B11,mum,,,,,8184.493,90622.408,8546.17,
,,,,0,6.5,6.5,,mum,,-1,,,,,,ImageFindWellCenter_10x.czexp,,,,,,np.int32,sCMOS_mCherry,,sCMOS,,,,,Hamamatsu,,,D:\Winfried\Production\Daily\2017_1_17\References/WellEdge_B11_0_-1.czi,1024,1024,,,,,3500000425,B11,mum,,,,,14318.493,90622.408,8546.17,
,,,,-1,6.5,6.5,,mum,,0,,,,,,ImageFindWellCenter_10x.czexp,,,,,,np.int32,sCMOS_mCherry,,sCMOS,,,,,Hamamatsu,,,D:\Winfried\Production\Daily\2017_1_17\References/WellEdge_G11_-1_0.czi,1024,1024,,,,,3500000425,G11,mum,,,,,56257.0,87552.0,8268.64,
,,,,1,6.5,6.5,,mum,,0,,,,,,ImageFindWellCenter_10x.czexp,,,,,,np.int32,sCMOS_mCherry,,sCMOS,,,,,Hamamatsu,,,D:\Winfried\Production\Daily\2017_1_17\References/WellEdge_G11_1_0.czi,1024,1024,,,,,3500000425,G11,mum,,,,,56257.0,93686.0,8268.64,
,,,,0,6.5,6.5,,mum,,1,,,,,,ImageFindWellCenter_10x.czexp,,,,,,np.int32,sCMOS_mCherry,,sCMOS,,,,,Hamamatsu,,,D:\Winfried\Production\Daily\2017_1_17\References/WellEdge_G11_0_1.czi,1024,1024,,,,,3500000425,G11,mum,,,,,53190.0,90619.0,8268.64,
,,,,0,6.5,6.5,,mum,,-1,,,,,,ImageFindWellCenter_10x.czexp,,,,,,np.int32,sCMOS_mCherry,,sCMOS,,,,,Hamamatsu,,,D:\Winfried\Production\Daily\2017_1_17\References/WellEdge_G11_0_-1.czi,1024,1024,,,,,3500000425,G11,mum,,,,,59324.0,90619.0,8268.64,
,,,,,6.5,6.5,,mum,,,D7_0005,,,,,ScanColonies.czexp,,,,,colony,np.int32,sCMOS_mCherry,,sCMOS,,,,,Hamamatsu,,,D:\Winfried\Production\Daily\2017_1_17\Colonies\D7_0005_x0_y0_z0.czi,1024,1024,,,,,3500000425,D7,mum,,,,,27068.508,56069.392,8472.859,
,,,,,6.5,6.5,,mum,,,D7_0057,,,,,ScanColonies.czexp,,,,,colony,np.int32,sCMOS_mCherry,,sCMOS,,,,,Hamamatsu,,,D:\Winfried\Production\Daily\2017_1_17\Colonies\D7_0057_x0_y0_z0.czi,1024,1024,,,,,3500000425,D7,mum,,,,,31508.881,55518.856,8445.753,
,,,,,6.5,6.5,,mum,,,D7_0005_0001,,,,,ScanCells.czexp,,,,,cell,np.int32,sCMOS_mCherry,,sCMOS,,,,,Hamamatsu,,,D:\Winfried\Production\Daily\2017_1_17\Cells\D7_0005_0001.czi,1024,1024,,,,,3500000425,D7,mum,,,,,27068.508,56069.392,8472.859,
,,,,,,,,,,,,,,,,,,,,,,,,,,,,,,,,,,,,,,,,,,,,,,,,,,
,,,,-1,6.5,6.5,,mum,,0,,,,,,ImageFindWellCenter_10x.czexp,,,,,,np.int32,sCMOS_mCherry,,sCMOS,,,,,Hamamatsu,,,D:\Winfried\Production\Daily\2017_1_17\References/WellEdge_B3_-1_0.czi,1024,1024,,,,,3500000425,B3,mum,,,,,11319.294,15573.381,8590.31,
,,,,1,6.5,6.5,,mum,,0,,,,,,ImageFindWellCenter_10x.czexp,,,,,,np.int32,sCMOS_mCherry,,sCMOS,,,,,Hamamatsu,,,D:\Winfried\Production\Daily\2017_1_17\References/WellEdge_B3_1_0.czi,1024,1024,,,,,3500000425,B3,mum,,,,,11319.294,21707.381,8590.31,
,,,,0,6.5,6.5,,mum,,1,,,,,,ImageFindWellCenter_10x.czexp,,,,,,np.int32,sCMOS_mCherry,,sCMOS,,,,,Hamamatsu,,,D:\Winfried\Production\Daily\2017_1_17\References/WellEdge_B3_0_1.czi,1024,1024,,,,,3500000425,B3,mum,,,,,8252.294,18640.381,8590.31,
,,,,0,6.5,6.5,,mum,,-1,,,,,,ImageFindWellCenter_10x.czexp,,,,,,np.int32,sCMOS_mCherry,,sCMOS,,,,,Hamamatsu,,,D:\Winfried\Production\Daily\2017_1_17\References/WellEdge_B3_0_-1.czi,1024,1024,,,,,3500000425,B3,mum,,,,,14386.294,18640.381,8590.31,
,,,,-1,6.5,6.5,,mum,,0,,,,,,ImageFindWellCenter_10x.czexp,,,,,,np.int32,sCMOS_mCherry,,sCMOS,,,,,Hamamatsu,,,D:\Winfried\Production\Daily\2017_1_17\References/WellEdge_B11_-1_0.czi,1024,1024,,,,,3500000425,B11,mum,,,,,11245.503,87563.134,8569.76,
,,,,1,6.5,6.5,,mum,,0,,,,,,ImageFindWellCenter_10x.czexp,,,,,,np.int32,sCMOS_mCherry,,sCMOS,,,,,Hamamatsu,,,D:\Winfried\Production\Daily\2017_1_17\References/WellEdge_B11_1_0.czi,1024,1024,,,,,3500000425,B11,mum,,,,,11245.503,93697.134,8569.76,
,,,,0,6.5,6.5,,mum,,1,,,,,,ImageFindWellCenter_10x.czexp,,,,,,np.int32,sCMOS_mCherry,,sCMOS,,,,,Hamamatsu,,,D:\Winfried\Production\Daily\2017_1_17\References/WellEdge_B11_0_1.czi,1024,1024,,,,,3500000425,B11,mum,,,,,8178.503,90630.134,8569.76,
,,,,0,6.5,6.5,,mum,,-1,,,,,,ImageFindWellCenter_10x.czexp,,,,,,np.int32,sCMOS_mCherry,,sCMOS,,,,,Hamamatsu,,,D:\Winfried\Production\Daily\2017_1_17\References/WellEdge_B11_0_-1.czi,1024,1024,,,,,3500000425,B11,mum,,,,,14312.503,90630.134,8569.76,
,,,,-1,6.5,6.5,,mum,,0,,,,,,ImageFindWellCenter_10x.czexp,,,,,,np.int32,sCMOS_mCherry,,sCMOS,,,,,Hamamatsu,,,D:\Winfried\Production\Daily\2017_1_17\References/WellEdge_G11_-1_0.czi,1024,1024,,,,,3500000425,G11,mum,,,,,56257.0,87552.0,8270.42,
,,,,1,6.5,6.5,,mum,,0,,,,,,ImageFindWellCenter_10x.czexp,,,,,,np.int32,sCMOS_mCherry,,sCMOS,,,,,Hamamatsu,,,D:\Winfried\Production\Daily\2017_1_17\References/WellEdge_G11_1_0.czi,1024,1024,,,,,3500000425,G11,mum,,,,,56257.0,93686.0,8270.42,
,,,,0,6.5,6.5,,mum,,1,,,,,,ImageFindWellCenter_10x.czexp,,,,,,np.int32,sCMOS_mCherry,,sCMOS,,,,,Hamamatsu,,,D:\Winfried\Production\Daily\2017_1_17\References/WellEdge_G11_0_1.czi,1024,1024,,,,,3500000425,G11,mum,,,,,53190.0,90619.0,8270.42,
,,,,0,6.5,6.5,,mum,,-1,,,,,,ImageFindWellCenter_10x.czexp,,,,,,np.int32,sCMOS_mCherry,,sCMOS,,,,,Hamamatsu,,,D:\Winfried\Production\Daily\2017_1_17\References/WellEdge_G11_0_-1.czi,1024,1024,,,,,3500000425,G11,mum,,,,,59324.0,90619.0,8270.42,
,,,,,6.5,6.5,,mum,,,D7_0002,,,,,ScanColonies.czexp,,,,,colony,np.int32,sCMOS_mCherry,,sCMOS,,,,,Hamamatsu,,,D:\Winfried\Production\Daily\2017_1_17\Colonies\D7_0002_x0_y0_z0.czi,1024,1024,,,,,3500000425,D7,mum,,,,,26639.914,54842.762,8492.705,
,,,,,6.5,6.5,,mum,,,D7_0005,,,,,ScanColonies.czexp,,,,,colony,np.int32,sCMOS_mCherry,,sCMOS,,,,,Hamamatsu,,,D:\Winfried\Production\Daily\2017_1_17\Colonies\D7_0005_x0_y0_z0.czi,1024,1024,,,,,3500000425,D7,mum,,,,,27074.714,56067.695,8489.47,
,,,,,6.5,6.5,,mum,,,D7_0006,,,,,ScanColonies.czexp,,,,,colony,np.int32,sCMOS_mCherry,,sCMOS,,,,,Hamamatsu,,,D:\Winfried\Production\Daily\2017_1_17\Colonies\D7_0006_x0_y0_z0.czi,1024,1024,,,,,3500000425,D7,mum,,,,,27059.632,53163.248,8490.413,
,,,,,6.5,6.5,,mum,,,D7_0012,,,,,ScanColonies.czexp,,,,,colony,np.int32,sCMOS_mCherry,,sCMOS,,,,,Hamamatsu,,,D:\Winfried\Production\Daily\2017_1_17\Colonies\D7_0012_x0_y0_z0.czi,1024,1024,,,,,3500000425,D7,mum,,,,,28024.5,56621.508,8483.017,
,,,,,6.5,6.5,,mum,,,D7_0014,,,,,ScanColonies.czexp,,,,,colony,np.int32,sCMOS_mCherry,,sCMOS,,,,,Hamamatsu,,,D:\Winfried\Production\Daily\2017_1_17\Colonies\D7_0014_x0_y0_z0.czi,1024,1024,,,,,3500000425,D7,mum,,,,,28061.834,55672.954,8483.045,
,,,,,,,,,,,,,,,,,,,,,,,,,,,,,,,,,,,,,,,,,,,,,,,,,,
,,,,-1,6.5,6.5,,mum,,0,,,,,,ImageFindWellCenter_10x.czexp,,,,,,np.int32,sCMOS_mCherry,,sCMOS,,,,,Hamamatsu,,,D:\Winfried\Production\Daily\2017_1_17\References/WellEdge_B3_-1_0.czi,1024,1024,,,,,3500000425,B3,mum,,,,,11321.375,15569.282,8558.93,
,,,,1,6.5,6.5,,mum,,0,,,,,,ImageFindWellCenter_10x.czexp,,,,,,np.int32,sCMOS_mCherry,,sCMOS,,,,,Hamamatsu,,,D:\Winfried\Production\Daily\2017_1_17\References/WellEdge_B3_1_0.czi,1024,1024,,,,,3500000425,B3,mum,,,,,11321.375,21703.282,8558.93,
,,,,0,6.5,6.5,,mum,,1,,,,,,ImageFindWellCenter_10x.czexp,,,,,,np.int32,sCMOS_mCherry,,sCMOS,,,,,Hamamatsu,,,D:\Winfried\Production\Daily\2017_1_17\References/WellEdge_B3_0_1.czi,1024,1024,,,,,3500000425,B3,mum,,,,,8254.375,18636.282,8558.93,
,,,,0,6.5,6.5,,mum,,-1,,,,,,ImageFindWellCenter_10x.czexp,,,,,,np.int32,sCMOS_mCherry,,sCMOS,,,,,Hamamatsu,,,D:\Winfried\Production\Daily\2017_1_17\References/WellEdge_B3_0_-1.czi,1024,1024,,,,,3500000425,B3,mum,,,,,14388.375,18636.282,8558.93,
,,,,-1,6.5,6.5,,mum,,0,,,,,,ImageFindWellCenter_10x.czexp,,,,,,np.int32,sCMOS_mCherry,,sCMOS,,,,,Hamamatsu,,,D:\Winfried\Production\Daily\2017_1_17\References/WellEdge_B11_-1_0.czi,1024,1024,,,,,3500000425,B11,mum,,,,,11278.421,87563.635,8565.67,
,,,,1,6.5,6.5,,mum,,0,,,,,,ImageFindWellCenter_10x.czexp,,,,,,np.int32,sCMOS_mCherry,,sCMOS,,,,,Hamamatsu,,,D:\Winfried\Production\Daily\2017_1_17\References/WellEdge_B11_1_0.czi,1024,1024,,,,,3500000425,B11,mum,,,,,11278.421,93697.635,8565.67,
,,,,0,6.5,6.5,,mum,,1,,,,,,ImageFindWellCenter_10x.czexp,,,,,,np.int32,sCMOS_mCherry,,sCMOS,,,,,Hamamatsu,,,D:\Winfried\Production\Daily\2017_1_17\References/WellEdge_B11_0_1.czi,1024,1024,,,,,3500000425,B11,mum,,,,,8211.421,90630.635,8565.67,
,,,,0,6.5,6.5,,mum,,-1,,,,,,ImageFindWellCenter_10x.czexp,,,,,,np.int32,sCMOS_mCherry,,sCMOS,,,,,Hamamatsu,,,D:\Winfried\Production\Daily\2017_1_17\References/WellEdge_B11_0_-1.czi,1024,1024,,,,,3500000425,B11,mum,,,,,14345.421,90630.635,8565.67,
,,,,-1,6.5,6.5,,mum,,0,,,,,,ImageFindWellCenter_10x.czexp,,,,,,np.int32,sCMOS_mCherry,,sCMOS,,,,,Hamamatsu,,,D:\Winfried\Production\Daily\2017_1_17\References/WellEdge_G10_-1_0.czi,1024,1024,,,,,3500000425,G10,mum,,,,,56275.0,78560.0,8268.03,
,,,,1,6.5,6.5,,mum,,0,,,,,,ImageFindWellCenter_10x.czexp,,,,,,np.int32,sCMOS_mCherry,,sCMOS,,,,,Hamamatsu,,,D:\Winfried\Production\Daily\2017_1_17\References/WellEdge_G10_1_0.czi,1024,1024,,,,,3500000425,G10,mum,,,,,56275.0,84694.0,8268.03,
,,,,0,6.5,6.5,,mum,,1,,,,,,ImageFindWellCenter_10x.czexp,,,,,,np.int32,sCMOS_mCherry,,sCMOS,,,,,Hamamatsu,,,D:\Winfried\Production\Daily\2017_1_17\References/WellEdge_G10_0_1.czi,1024,1024,,,,,3500000425,G10,mum,,,,,53208.0,81627.0,8268.03,
,,,,0,6.5,6.5,,mum,,-1,,,,,,ImageFindWellCenter_10x.czexp,,,,,,np.int32,sCMOS_mCherry,,sCMOS,,,,,Hamamatsu,,,D:\Winfried\Production\Daily\2017_1_17\References/WellEdge_G10_0_-1.czi,1024,1024,,,,,3500000425,G10,mum,,,,,59342.0,81627.0,8268.03,
,,,,,6.5,6.5,,mum,,,D7_0002,,,,,ScanColonies.czexp,,,,,colony,np.int32,sCMOS_mCherry,,sCMOS,,,,,Hamamatsu,,,D:\Winfried\Production\Daily\2017_1_17\Colonies\D7_0002_x0_y0_z0.czi,1024,1024,,,,,3500000425,D7,mum,,,,,26577.923,54841.53,8475.609,
,,,,,6.5,6.5,,mum,,,D7_0003,,,,,ScanColonies.czexp,,,,,colony,np.int32,sCMOS_mCherry,,sCMOS,,,,,Hamamatsu,,,D:\Winfried\Production\Daily\2017_1_17\Colonies\D7_0003_x0_y0_z0.czi,1024,1024,,,,,3500000425,D7,mum,,,,,26601.248,55253.451,8475.492,
,,,,,6.5,6.5,,mum,,,D7_0006,,,,,ScanColonies.czexp,,,,,colony,np.int32,sCMOS_mCherry,,sCMOS,,,,,Hamamatsu,,,D:\Winfried\Production\Daily\2017_1_17\Colonies\D7_0006_x0_y0_z0.czi,1024,1024,,,,,3500000425,D7,mum,,,,,26992.431,53177.104,8472.729,
,,,,,6.5,6.5,,mum,,,D7_0007,,,,,ScanColonies.czexp,,,,,colony,np.int32,sCMOS_mCherry,,sCMOS,,,,,Hamamatsu,,,D:\Winfried\Production\Daily\2017_1_17\Colonies\D7_0007_x0_y0_z0.czi,1024,1024,,,,,3500000425,D7,mum,,,,,27263.901,56316.57,8471.218,
,,,,,6.5,6.5,,mum,,,D7_0009,,,,,ScanColonies.czexp,,,,,colony,np.int32,sCMOS_mCherry,,sCMOS,,,,,Hamamatsu,,,D:\Winfried\Production\Daily\2017_1_17\Colonies\D7_0009_x0_y0_z0.czi,1024,1024,,,,,3500000425,D7,mum,,,,,27658.698,56747.873,8468.654,
,,,,,6.5,6.5,,mum,,,D7_0012,,,,,ScanColonies.czexp,,,,,colony,np.int32,sCMOS_mCherry,,sCMOS,,,,,Hamamatsu,,,D:\Winfried\Production\Daily\2017_1_17\Colonies\D7_0012_x0_y0_z0.czi,1024,1024,,,,,3500000425,D7,mum,,,,,27945.324,56604.296,8466.751,
,,,,,6.5,6.5,,mum,,,D7_0015,,,,,ScanColonies.czexp,,,,,colony,np.int32,sCMOS_mCherry,,sCMOS,,,,,Hamamatsu,,,D:\Winfried\Production\Daily\2017_1_17\Colonies\D7_0015_x0_y0_z0.czi,1024,1024,,,,,3500000425,D7,mum,,,,,28013.814,52664.561,8465.95,
,,,,,6.5,6.5,,mum,,,D7_0017,,,,,ScanColonies.czexp,,,,,colony,np.int32,sCMOS_mCherry,,sCMOS,,,,,Hamamatsu,,,D:\Winfried\Production\Daily\2017_1_17\Colonies\D7_0017_x0_y0_z0.czi,1024,1024,,,,,3500000425,D7,mum,,,,,28084.541,57030.846,8465.872,
,,,,,6.5,6.5,,mum,,,D7_0018,,,,,ScanColonies.czexp,,,,,colony,np.int32,sCMOS_mCherry,,sCMOS,,,,,Hamamatsu,,,D:\Winfried\Production\Daily\2017_1_17\Colonies\D7_0018_x0_y0_z0.czi,1024,1024,,,,,3500000425,D7,mum,,,,,28191.837,52287.207,8464.743,
,,,,,6.5,6.5,,mum,,,D7_0019,,,,,ScanColonies.czexp,,,,,colony,np.int32,sCMOS_mCherry,,sCMOS,,,,,Hamamatsu,,,D:\Winfried\Production\Daily\2017_1_17\Colonies\D7_0019_x0_y0_z0.czi,1024,1024,,,,,3500000425,D7,mum,,,,,28381.124,53074.569,8463.565,
,,,,,6.5,6.5,,mum,,,D7_0025,,,,,ScanColonies.czexp,,,,,colony,np.int32,sCMOS_mCherry,,sCMOS,,,,,Hamamatsu,,,D:\Winfried\Production\Daily\2017_1_17\Colonies\D7_0025_x0_y0_z0.czi,1024,1024,,,,,3500000425,D7,mum,,,,,28836.848,52542.563,8460.514,
,,,,,,,,,,,,,,,,,,,,,,,,,,,,,,,,,,,,,,,,,,,,,,,,,,
,,,,-1,6.5,6.5,,mum,,0,,,,,,ImageFindWellCenter_10x.czexp,,,,,,np.int32,sCMOS_mCherry,,sCMOS,,,,,Hamamatsu,,,D:\Winfried\Production\Daily\2017_1_17\References/WellEdge_B3_-1_0.czi,1024,1024,,,,,3500000425,B3,mum,,,,,11329.907,15574.327,8556.78,
,,,,1,6.5,6.5,,mum,,0,,,,,,ImageFindWellCenter_10x.czexp,,,,,,np.int32,sCMOS_mCherry,,sCMOS,,,,,Hamamatsu,,,D:\Winfried\Production\Daily\2017_1_17\References/WellEdge_B3_1_0.czi,1024,1024,,,,,3500000425,B3,mum,,,,,11329.907,21708.327,8556.78,
,,,,0,6.5,6.5,,mum,,1,,,,,,ImageFindWellCenter_10x.czexp,,,,,,np.int32,sCMOS_mCherry,,sCMOS,,,,,Hamamatsu,,,D:\Winfried\Production\Daily\2017_1_17\References/WellEdge_B3_0_1.czi,1024,1024,,,,,3500000425,B3,mum,,,,,8262.907,18641.327,8556.78,
,,,,0,6.5,6.5,,mum,,-1,,,,,,ImageFindWellCenter_10x.czexp,,,,,,np.int32,sCMOS_mCherry,,sCMOS,,,,,Hamamatsu,,,D:\Winfried\Production\Daily\2017_1_17\References/WellEdge_B3_0_-1.czi,1024,1024,,,,,3500000425,B3,mum,,,,,14396.907,18641.327,8556.78,
,,,,-1,6.5,6.5,,mum,,0,,,,,,ImageFindWellCenter_10x.czexp,,,,,,np.int32,sCMOS_mCherry,,sCMOS,,,,,Hamamatsu,,,D:\Winfried\Production\Daily\2017_1_17\References/WellEdge_B11_-1_0.czi,1024,1024,,,,,3500000425,B11,mum,,,,,11267.117,87565.313,8568.85,
,,,,1,6.5,6.5,,mum,,0,,,,,,ImageFindWellCenter_10x.czexp,,,,,,np.int32,sCMOS_mCherry,,sCMOS,,,,,Hamamatsu,,,D:\Winfried\Production\Daily\2017_1_17\References/WellEdge_B11_1_0.czi,1024,1024,,,,,3500000425,B11,mum,,,,,11267.117,93699.313,8568.85,
,,,,0,6.5,6.5,,mum,,1,,,,,,ImageFindWellCenter_10x.czexp,,,,,,np.int32,sCMOS_mCherry,,sCMOS,,,,,Hamamatsu,,,D:\Winfried\Production\Daily\2017_1_17\References/WellEdge_B11_0_1.czi,1024,1024,,,,,3500000425,B11,mum,,,,,8200.117,90632.313,8568.85,
,,,,0,6.5,6.5,,mum,,-1,,,,,,ImageFindWellCenter_10x.czexp,,,,,,np.int32,sCMOS_mCherry,,sCMOS,,,,,Hamamatsu,,,D:\Winfried\Production\Daily\2017_1_17\References/WellEdge_B11_0_-1.czi,1024,1024,,,,,3500000425,B11,mum,,,,,14334.117,90632.313,8568.85,
,,,,-1,6.5,6.5,,mum,,0,,,,,,ImageFindWellCenter_10x.czexp,,,,,,np.int32,sCMOS_mCherry,,sCMOS,,,,,Hamamatsu,,,D:\Winfried\Production\Daily\2017_1_17\References/WellEdge_G10_-1_0.czi,1024,1024,,,,,3500000425,G10,mum,,,,,56275.0,78560.0,8266.18,
,,,,1,6.5,6.5,,mum,,0,,,,,,ImageFindWellCenter_10x.czexp,,,,,,np.int32,sCMOS_mCherry,,sCMOS,,,,,Hamamatsu,,,D:\Winfried\Production\Daily\2017_1_17\References/WellEdge_G10_1_0.czi,1024,1024,,,,,3500000425,G10,mum,,,,,56275.0,84694.0,8266.18,
,,,,0,6.5,6.5,,mum,,1,,,,,,ImageFindWellCenter_10x.czexp,,,,,,np.int32,sCMOS_mCherry,,sCMOS,,,,,Hamamatsu,,,D:\Winfried\Production\Daily\2017_1_17\References/WellEdge_G10_0_1.czi,1024,1024,,,,,3500000425,G10,mum,,,,,53208.0,81627.0,8266.18,
,,,,0,6.5,6.5,,mum,,-1,,,,,,ImageFindWellCenter_10x.czexp,,,,,,np.int32,sCMOS_mCherry,,sCMOS,,,,,Hamamatsu,,,D:\Winfried\Production\Daily\2017_1_17\References/WellEdge_G10_0_-1.czi,1024,1024,,,,,3500000425,G10,mum,,,,,59342.0,81627.0,8266.18,
,,,,,6.5,6.5,,mum,,,D5_0001,,,,,ScanColonies.czexp,,,,,colony,np.int32,sCMOS_mCherry,,sCMOS,,,,,Hamamatsu,,,D:\Winfried\Production\Daily\2017_1_17\Colonies\D5_0001_x0_y0_z0.czi,1024,1024,,,,,3500000425,D5,mum,,,,,26619.927,36941.122,8471.613,
,,,,,6.5,6.5,,mum,,,D5_0010,,,,,ScanColonies.czexp,,,,,colony,np.int32,sCMOS_mCherry,,sCMOS,,,,,Hamamatsu,,,D:\Winfried\Production\Daily\2017_1_17\Colonies\D5_0010_x0_y0_z0.czi,1024,1024,,,,,3500000425,D5,mum,,,,,27679.205,37187.945,8464.567,
,,,,,,,,,,,,,,,,,,,,,,,,,,,,,,,,,,,,,,,,,,,,,,,,,,
,,,,-1,6.5,6.5,,mum,,0,,,,,,ImageFindWellCenter_10x.czexp,,,,,,np.int32,sCMOS_mCherry,,sCMOS,,,,,Hamamatsu,,,D:\Winfried\Production\Daily\2017_1_17\References/WellEdge_B3_-1_0.czi,1024,1024,,,,,3500000425,B3,mum,,,,,11325.195,15580.481,8584.03,
,,,,1,6.5,6.5,,mum,,0,,,,,,ImageFindWellCenter_10x.czexp,,,,,,np.int32,sCMOS_mCherry,,sCMOS,,,,,Hamamatsu,,,D:\Winfried\Production\Daily\2017_1_17\References/WellEdge_B3_1_0.czi,1024,1024,,,,,3500000425,B3,mum,,,,,11325.195,21714.481,8584.03,
,,,,0,6.5,6.5,,mum,,1,,,,,,ImageFindWellCenter_10x.czexp,,,,,,np.int32,sCMOS_mCherry,,sCMOS,,,,,Hamamatsu,,,D:\Winfried\Production\Daily\2017_1_17\References/WellEdge_B3_0_1.czi,1024,1024,,,,,3500000425,B3,mum,,,,,8258.195,18647.481,8584.03,
,,,,0,6.5,6.5,,mum,,-1,,,,,,ImageFindWellCenter_10x.czexp,,,,,,np.int32,sCMOS_mCherry,,sCMOS,,,,,Hamamatsu,,,D:\Winfried\Production\Daily\2017_1_17\References/WellEdge_B3_0_-1.czi,1024,1024,,,,,3500000425,B3,mum,,,,,14392.195,18647.481,8584.03,
,,,,-1,6.5,6.5,,mum,,0,,,,,,ImageFindWellCenter_10x.czexp,,,,,,np.int32,sCMOS_mCherry,,sCMOS,,,,,Hamamatsu,,,D:\Winfried\Production\Daily\2017_1_17\References/WellEdge_B11_-1_0.czi,1024,1024,,,,,3500000425,B11,mum,,,,,11261.107,87575.149,8586.31,
,,,,1,6.5,6.5,,mum,,0,,,,,,ImageFindWellCenter_10x.czexp,,,,,,np.int32,sCMOS_mCherry,,sCMOS,,,,,Hamamatsu,,,D:\Winfried\Production\Daily\2017_1_17\References/WellEdge_B11_1_0.czi,1024,1024,,,,,3500000425,B11,mum,,,,,11261.107,93709.149,8586.31,
,,,,0,6.5,6.5,,mum,,1,,,,,,ImageFindWellCenter_10x.czexp,,,,,,np.int32,sCMOS_mCherry,,sCMOS,,,,,Hamamatsu,,,D:\Winfried\Production\Daily\2017_1_17\References/WellEdge_B11_0_1.czi,1024,1024,,,,,3500000425,B11,mum,,,,,8194.107,90642.149,8586.31,
,,,,0,6.5,6.5,,mum,,-1,,,,,,ImageFindWellCenter_10x.czexp,,,,,,np.int32,sCMOS_mCherry,,sCMOS,,,,,Hamamatsu,,,D:\Winfried\Production\Daily\2017_1_17\References/WellEdge_B11_0_-1.czi,1024,1024,,,,,3500000425,B11,mum,,,,,14328.107,90642.149,8586.31,
,,,,-1,6.5,6.5,,mum,,0,,,,,,ImageFindWellCenter_10x.czexp,,,,,,np.int32,sCMOS_mCherry,,sCMOS,,,,,Hamamatsu,,,D:\Winfried\Production\Daily\2017_1_17\References/WellEdge_G10_-1_0.czi,1024,1024,,,,,3500000425,G10,mum,,,,,56275.0,78560.0,8275.71,
,,,,1,6.5,6.5,,mum,,0,,,,,,ImageFindWellCenter_10x.czexp,,,,,,np.int32,sCMOS_mCherry,,sCMOS,,,,,Hamamatsu,,,D:\Winfried\Production\Daily\2017_1_17\References/WellEdge_G10_1_0.czi,1024,1024,,,,,3500000425,G10,mum,,,,,56275.0,84694.0,8275.71,
,,,,0,6.5,6.5,,mum,,1,,,,,,ImageFindWellCenter_10x.czexp,,,,,,np.int32,sCMOS_mCherry,,sCMOS,,,,,Hamamatsu,,,D:\Winfried\Production\Daily\2017_1_17\References/WellEdge_G10_0_1.czi,1024,1024,,,,,3500000425,G10,mum,,,,,53208.0,81627.0,8275.71,
,,,,0,6.5,6.5,,mum,,-1,,,,,,ImageFindWellCenter_10x.czexp,,,,,,np.int32,sCMOS_mCherry,,sCMOS,,,,,Hamamatsu,,,D:\Winfried\Production\Daily\2017_1_17\References/WellEdge_G10_0_-1.czi,1024,1024,,,,,3500000425,G10,mum,,,,,59342.0,81627.0,8275.71,
,,,,,6.5,6.5,,mum,,,D5_0004,,,,,ScanColonies.czexp,,,,,colony,np.int32,sCMOS_mCherry,,sCMOS,,,,,Hamamatsu,,,D:\Winfried\Production\Daily\2017_1_17\Colonies\D5_0004_x-597.18_y-597.18_z0.czi,1024,1024,,,,,3500000425,D5,mum,,,,,26558.54,36064.525,8490.094,
,,,,,6.5,6.5,,mum,,,D5_0004,,,,,ScanColonies.czexp,,,,,colony,np.int32,sCMOS_mCherry,,sCMOS,,,,,Hamamatsu,,,D:\Winfried\Production\Daily\2017_1_17\Colonies\D5_0004_x-597.18_y0.0_z0.czi,1024,1024,,,,,3500000425,D5,mum,,,,,27155.72,36064.525,8490.094,
,,,,,6.5,6.5,,mum,,,D5_0004,,,,,ScanColonies.czexp,,,,,colony,np.int32,sCMOS_mCherry,,sCMOS,,,,,Hamamatsu,,,D:\Winfried\Production\Daily\2017_1_17\Colonies\D5_0004_x-597.18_y597.18_z0.czi,1024,1024,,,,,3500000425,D5,mum,,,,,27752.9,36064.525,8490.094,
,,,,,6.5,6.5,,mum,,,D5_0004,,,,,ScanColonies.czexp,,,,,colony,np.int32,sCMOS_mCherry,,sCMOS,,,,,Hamamatsu,,,D:\Winfried\Production\Daily\2017_1_17\Colonies\D5_0004_x0.0_y-597.18_z0.czi,1024,1024,,,,,3500000425,D5,mum,,,,,26558.54,36661.705,8490.094,
,,,,,6.5,6.5,,mum,,,D5_0004,,,,,ScanColonies.czexp,,,,,colony,np.int32,sCMOS_mCherry,,sCMOS,,,,,Hamamatsu,,,D:\Winfried\Production\Daily\2017_1_17\Colonies\D5_0004_x0.0_y0.0_z0.czi,1024,1024,,,,,3500000425,D5,mum,,,,,27155.72,36661.705,8490.094,
,,,,,6.5,6.5,,mum,,,D5_0004,,,,,ScanColonies.czexp,,,,,colony,np.int32,sCMOS_mCherry,,sCMOS,,,,,Hamamatsu,,,D:\Winfried\Production\Daily\2017_1_17\Colonies\D5_0004_x0.0_y597.18_z0.czi,1024,1024,,,,,3500000425,D5,mum,,,,,27752.9,36661.705,8490.094,
,,,,,6.5,6.5,,mum,,,D5_0004,,,,,ScanColonies.czexp,,,,,colony,np.int32,sCMOS_mCherry,,sCMOS,,,,,Hamamatsu,,,D:\Winfried\Production\Daily\2017_1_17\Colonies\D5_0004_x597.18_y-597.18_z0.czi,1024,1024,,,,,3500000425,D5,mum,,,,,26558.54,37258.885,8490.094,
,,,,,6.5,6.5,,mum,,,D5_0004,,,,,ScanColonies.czexp,,,,,colony,np.int32,sCMOS_mCherry,,sCMOS,,,,,Hamamatsu,,,D:\Winfried\Production\Daily\2017_1_17\Colonies\D5_0004_x597.18_y0.0_z0.czi,1024,1024,,,,,3500000425,D5,mum,,,,,27155.72,37258.885,8490.094,
,,,,,6.5,6.5,,mum,,,D5_0004,,,,,ScanColonies.czexp,,,,,colony,np.int32,sCMOS_mCherry,,sCMOS,,,,,Hamamatsu,,,D:\Winfried\Production\Daily\2017_1_17\Colonies\D5_0004_x597.18_y597.18_z0.czi,1024,1024,,,,,3500000425,D5,mum,,,,,27752.9,37258.885,8490.094,
